1,1,1,BIO HW,35
2,1,6,BIO PRESENTATION,15
3,1,6,BIO PRESENTATION,5
4,1,1,BIO HW,25
5,1,1,BIO HW,25
6,1,6,BIO PRESENTATION,20
7,1,2,BIO LAB,5
8,1,6,BIO PRESENTATION,35
9,1,5,BIO PROJECT,15
10,1,5,BIO PROJECT,35
11,1,1,BIO HW,25
12,1,6,BIO PRESENTATION,40
13,1,2,BIO LAB,40
14,1,2,BIO LAB,40
15,1,2,BIO LAB,15
16,1,5,BIO PROJECT,40
17,1,1,BIO HW,35
18,1,3,BIO EXAM,40
19,1,2,BIO LAB,30
20,1,3,BIO EXAM,10
21,1,2,BIO LAB,30
22,1,3,BIO EXAM,20
23,1,3,BIO EXAM,15
24,1,2,BIO LAB,10
25,1,6,BIO PRESENTATION,30
26,1,4,Final,150
27,2,6,ARA PRESENTATION,10
28,2,6,ARA PRESENTATION,10
29,2,3,ARA EXAM,10
30,2,5,ARA PROJECT,35
31,2,6,ARA PRESENTATION,10
32,2,6,ARA PRESENTATION,5
33,2,6,ARA PRESENTATION,25
34,2,5,ARA PROJECT,20
35,2,3,ARA EXAM,30
36,2,5,ARA PROJECT,20
37,2,5,ARA PROJECT,30
38,2,5,ARA PROJECT,10
39,2,3,ARA EXAM,15
40,2,1,ARA HW,15
41,2,5,ARA PROJECT,15
42,2,5,ARA PROJECT,40
43,2,6,ARA PRESENTATION,20
44,2,1,ARA HW,35
45,2,1,ARA HW,5
46,2,3,ARA EXAM,15
47,2,3,ARA EXAM,20
48,2,2,ARA LAB,10
49,2,1,ARA HW,10
50,2,3,ARA EXAM,5
51,2,2,ARA LAB,5
52,2,4,Final,150
53,3,6,ART PRESENTATION,10
54,3,6,ART PRESENTATION,5
55,3,2,ART LAB,30
56,3,2,ART LAB,15
57,3,3,ART EXAM,10
58,3,6,ART PRESENTATION,40
59,3,2,ART LAB,20
60,3,2,ART LAB,10
61,3,1,ART HW,15
62,3,6,ART PRESENTATION,35
63,3,2,ART LAB,35
64,3,1,ART HW,30
65,3,2,ART LAB,20
66,3,5,ART PROJECT,35
67,3,5,ART PROJECT,40
68,3,2,ART LAB,20
69,3,6,ART PRESENTATION,20
70,3,1,ART HW,15
71,3,1,ART HW,15
72,3,6,ART PRESENTATION,35
73,3,2,ART LAB,30
74,3,1,ART HW,25
75,3,2,ART LAB,35
76,3,2,ART LAB,10
77,3,1,ART HW,35
78,3,4,Final,150
79,4,1,ART HW,10
80,4,6,ART PRESENTATION,35
81,4,5,ART PROJECT,5
82,4,5,ART PROJECT,35
83,4,2,ART LAB,15
84,4,3,ART EXAM,5
85,4,5,ART PROJECT,20
86,4,1,ART HW,20
87,4,2,ART LAB,30
88,4,1,ART HW,30
89,4,6,ART PRESENTATION,25
90,4,6,ART PRESENTATION,35
91,4,5,ART PROJECT,40
92,4,5,ART PROJECT,20
93,4,2,ART LAB,5
94,4,1,ART HW,20
95,4,1,ART HW,20
96,4,6,ART PRESENTATION,30
97,4,5,ART PROJECT,40
98,4,3,ART EXAM,10
99,4,5,ART PROJECT,30
100,4,6,ART PRESENTATION,20
101,4,1,ART HW,40
102,4,6,ART PRESENTATION,40
103,4,6,ART PRESENTATION,30
104,4,4,Final,150
105,5,2,BIO LAB,15
106,5,3,BIO EXAM,5
107,5,1,BIO HW,20
108,5,3,BIO EXAM,10
109,5,1,BIO HW,35
110,5,3,BIO EXAM,5
111,5,2,BIO LAB,5
112,5,3,BIO EXAM,30
113,5,1,BIO HW,5
114,5,3,BIO EXAM,25
115,5,1,BIO HW,40
116,5,6,BIO PRESENTATION,20
117,5,6,BIO PRESENTATION,5
118,5,2,BIO LAB,15
119,5,3,BIO EXAM,30
120,5,6,BIO PRESENTATION,40
121,5,1,BIO HW,15
122,5,2,BIO LAB,40
123,5,1,BIO HW,20
124,5,5,BIO PROJECT,5
125,5,3,BIO EXAM,40
126,5,2,BIO LAB,15
127,5,6,BIO PRESENTATION,10
128,5,3,BIO EXAM,40
129,5,6,BIO PRESENTATION,20
130,5,4,Final,150
131,6,2,ACCT LAB,5
132,6,2,ACCT LAB,20
133,6,5,ACCT PROJECT,30
134,6,6,ACCT PRESENTATION,15
135,6,3,ACCT EXAM,20
136,6,5,ACCT PROJECT,25
137,6,6,ACCT PRESENTATION,10
138,6,6,ACCT PRESENTATION,20
139,6,1,ACCT HW,25
140,6,2,ACCT LAB,20
141,6,3,ACCT EXAM,25
142,6,2,ACCT LAB,10
143,6,3,ACCT EXAM,5
144,6,6,ACCT PRESENTATION,25
145,6,6,ACCT PRESENTATION,25
146,6,1,ACCT HW,20
147,6,3,ACCT EXAM,20
148,6,6,ACCT PRESENTATION,5
149,6,6,ACCT PRESENTATION,5
150,6,1,ACCT HW,20
151,6,1,ACCT HW,20
152,6,3,ACCT EXAM,15
153,6,6,ACCT PRESENTATION,35
154,6,5,ACCT PROJECT,5
155,6,2,ACCT LAB,15
156,6,4,Final,150
157,7,5,CHEM PROJECT,25
158,7,6,CHEM PRESENTATION,25
159,7,2,CHEM LAB,30
160,7,3,CHEM EXAM,40
161,7,6,CHEM PRESENTATION,20
162,7,3,CHEM EXAM,35
163,7,5,CHEM PROJECT,30
164,7,1,CHEM HW,15
165,7,6,CHEM PRESENTATION,20
166,7,3,CHEM EXAM,30
167,7,3,CHEM EXAM,40
168,7,3,CHEM EXAM,35
169,7,5,CHEM PROJECT,30
170,7,6,CHEM PRESENTATION,20
171,7,2,CHEM LAB,30
172,7,2,CHEM LAB,30
173,7,1,CHEM HW,5
174,7,6,CHEM PRESENTATION,35
175,7,5,CHEM PROJECT,35
176,7,3,CHEM EXAM,10
177,7,1,CHEM HW,15
178,7,3,CHEM EXAM,10
179,7,1,CHEM HW,35
180,7,3,CHEM EXAM,5
181,7,6,CHEM PRESENTATION,35
182,7,4,Final,150
183,8,3,CHEM EXAM,15
184,8,2,CHEM LAB,35
185,8,3,CHEM EXAM,30
186,8,2,CHEM LAB,25
187,8,2,CHEM LAB,5
188,8,1,CHEM HW,5
189,8,6,CHEM PRESENTATION,10
190,8,2,CHEM LAB,20
191,8,2,CHEM LAB,20
192,8,1,CHEM HW,5
193,8,2,CHEM LAB,5
194,8,3,CHEM EXAM,40
195,8,3,CHEM EXAM,10
196,8,6,CHEM PRESENTATION,20
197,8,6,CHEM PRESENTATION,20
198,8,6,CHEM PRESENTATION,5
199,8,2,CHEM LAB,40
200,8,5,CHEM PROJECT,35
201,8,1,CHEM HW,5
202,8,1,CHEM HW,25
203,8,1,CHEM HW,30
204,8,5,CHEM PROJECT,40
205,8,2,CHEM LAB,30
206,8,6,CHEM PRESENTATION,15
207,8,2,CHEM LAB,5
208,8,4,Final,150
209,9,1,BE HW,5
210,9,2,BE LAB,30
211,9,2,BE LAB,40
212,9,5,BE PROJECT,35
213,9,6,BE PRESENTATION,15
214,9,3,BE EXAM,35
215,9,6,BE PRESENTATION,20
216,9,2,BE LAB,20
217,9,2,BE LAB,20
218,9,5,BE PROJECT,5
219,9,6,BE PRESENTATION,35
220,9,3,BE EXAM,35
221,9,6,BE PRESENTATION,5
222,9,3,BE EXAM,20
223,9,3,BE EXAM,15
224,9,6,BE PRESENTATION,10
225,9,2,BE LAB,15
226,9,1,BE HW,20
227,9,5,BE PROJECT,5
228,9,6,BE PRESENTATION,5
229,9,2,BE LAB,5
230,9,3,BE EXAM,25
231,9,5,BE PROJECT,20
232,9,1,BE HW,40
233,9,6,BE PRESENTATION,10
234,9,4,Final,150
235,10,6,BE PRESENTATION,20
236,10,6,BE PRESENTATION,35
237,10,6,BE PRESENTATION,25
238,10,3,BE EXAM,10
239,10,5,BE PROJECT,10
240,10,5,BE PROJECT,30
241,10,2,BE LAB,30
242,10,5,BE PROJECT,35
243,10,6,BE PRESENTATION,40
244,10,2,BE LAB,5
245,10,6,BE PRESENTATION,15
246,10,3,BE EXAM,10
247,10,3,BE EXAM,25
248,10,1,BE HW,5
249,10,5,BE PROJECT,40
250,10,5,BE PROJECT,35
251,10,3,BE EXAM,10
252,10,1,BE HW,35
253,10,5,BE PROJECT,5
254,10,1,BE HW,10
255,10,5,BE PROJECT,30
256,10,2,BE LAB,35
257,10,5,BE PROJECT,35
258,10,5,BE PROJECT,40
259,10,2,BE LAB,35
260,10,4,Final,150
261,11,5,CHEM PROJECT,40
262,11,2,CHEM LAB,10
263,11,3,CHEM EXAM,25
264,11,1,CHEM HW,15
265,11,2,CHEM LAB,15
266,11,1,CHEM HW,5
267,11,3,CHEM EXAM,25
268,11,1,CHEM HW,20
269,11,6,CHEM PRESENTATION,5
270,11,3,CHEM EXAM,30
271,11,3,CHEM EXAM,10
272,11,6,CHEM PRESENTATION,35
273,11,1,CHEM HW,35
274,11,6,CHEM PRESENTATION,20
275,11,2,CHEM LAB,40
276,11,5,CHEM PROJECT,25
277,11,2,CHEM LAB,40
278,11,1,CHEM HW,30
279,11,3,CHEM EXAM,30
280,11,6,CHEM PRESENTATION,25
281,11,6,CHEM PRESENTATION,30
282,11,3,CHEM EXAM,25
283,11,3,CHEM EXAM,20
284,11,1,CHEM HW,30
285,11,3,CHEM EXAM,15
286,11,4,Final,150
287,12,3,ART EXAM,25
288,12,5,ART PROJECT,15
289,12,1,ART HW,15
290,12,5,ART PROJECT,25
291,12,5,ART PROJECT,20
292,12,6,ART PRESENTATION,5
293,12,6,ART PRESENTATION,20
294,12,2,ART LAB,5
295,12,1,ART HW,25
296,12,3,ART EXAM,35
297,12,1,ART HW,5
298,12,5,ART PROJECT,10
299,12,1,ART HW,40
300,12,2,ART LAB,10
301,12,2,ART LAB,40
302,12,5,ART PROJECT,30
303,12,6,ART PRESENTATION,15
304,12,1,ART HW,20
305,12,1,ART HW,10
306,12,3,ART EXAM,40
307,12,3,ART EXAM,40
308,12,3,ART EXAM,15
309,12,6,ART PRESENTATION,25
310,12,2,ART LAB,25
311,12,3,ART EXAM,5
312,12,4,Final,150
313,13,1,BIO HW,25
314,13,6,BIO PRESENTATION,40
315,13,1,BIO HW,15
316,13,1,BIO HW,5
317,13,6,BIO PRESENTATION,30
318,13,1,BIO HW,25
319,13,3,BIO EXAM,15
320,13,1,BIO HW,40
321,13,6,BIO PRESENTATION,35
322,13,3,BIO EXAM,10
323,13,1,BIO HW,40
324,13,5,BIO PROJECT,10
325,13,5,BIO PROJECT,10
326,13,2,BIO LAB,10
327,13,5,BIO PROJECT,15
328,13,2,BIO LAB,10
329,13,5,BIO PROJECT,40
330,13,5,BIO PROJECT,10
331,13,5,BIO PROJECT,40
332,13,3,BIO EXAM,5
333,13,3,BIO EXAM,25
334,13,1,BIO HW,35
335,13,2,BIO LAB,20
336,13,1,BIO HW,20
337,13,6,BIO PRESENTATION,25
338,13,4,Final,150
339,14,5,BIO PROJECT,20
340,14,2,BIO LAB,5
341,14,3,BIO EXAM,10
342,14,5,BIO PROJECT,20
343,14,3,BIO EXAM,5
344,14,1,BIO HW,10
345,14,6,BIO PRESENTATION,30
346,14,2,BIO LAB,15
347,14,3,BIO EXAM,5
348,14,3,BIO EXAM,15
349,14,6,BIO PRESENTATION,5
350,14,5,BIO PROJECT,20
351,14,2,BIO LAB,30
352,14,1,BIO HW,30
353,14,2,BIO LAB,10
354,14,3,BIO EXAM,40
355,14,5,BIO PROJECT,25
356,14,2,BIO LAB,25
357,14,1,BIO HW,40
358,14,6,BIO PRESENTATION,10
359,14,5,BIO PROJECT,40
360,14,5,BIO PROJECT,15
361,14,5,BIO PROJECT,35
362,14,3,BIO EXAM,20
363,14,3,BIO EXAM,20
364,14,4,Final,150
365,15,1,BCMB HW,10
366,15,3,BCMB EXAM,40
367,15,5,BCMB PROJECT,30
368,15,3,BCMB EXAM,15
369,15,3,BCMB EXAM,10
370,15,1,BCMB HW,25
371,15,3,BCMB EXAM,35
372,15,1,BCMB HW,5
373,15,6,BCMB PRESENTATION,20
374,15,5,BCMB PROJECT,35
375,15,1,BCMB HW,5
376,15,6,BCMB PRESENTATION,30
377,15,6,BCMB PRESENTATION,25
378,15,5,BCMB PROJECT,25
379,15,2,BCMB LAB,10
380,15,5,BCMB PROJECT,40
381,15,5,BCMB PROJECT,25
382,15,6,BCMB PRESENTATION,25
383,15,6,BCMB PRESENTATION,15
384,15,1,BCMB HW,5
385,15,1,BCMB HW,30
386,15,6,BCMB PRESENTATION,40
387,15,1,BCMB HW,35
388,15,3,BCMB EXAM,35
389,15,1,BCMB HW,10
390,15,4,Final,150
391,16,2,BIO LAB,35
392,16,3,BIO EXAM,35
393,16,6,BIO PRESENTATION,20
394,16,3,BIO EXAM,15
395,16,6,BIO PRESENTATION,40
396,16,1,BIO HW,10
397,16,1,BIO HW,10
398,16,3,BIO EXAM,30
399,16,5,BIO PROJECT,20
400,16,3,BIO EXAM,10
401,16,6,BIO PRESENTATION,10
402,16,5,BIO PROJECT,5
403,16,1,BIO HW,40
404,16,1,BIO HW,40
405,16,6,BIO PRESENTATION,40
406,16,6,BIO PRESENTATION,35
407,16,1,BIO HW,5
408,16,6,BIO PRESENTATION,25
409,16,2,BIO LAB,35
410,16,5,BIO PROJECT,15
411,16,1,BIO HW,40
412,16,2,BIO LAB,25
413,16,6,BIO PRESENTATION,40
414,16,6,BIO PRESENTATION,15
415,16,5,BIO PROJECT,25
416,16,4,Final,150
417,17,3,ARA EXAM,15
418,17,6,ARA PRESENTATION,25
419,17,1,ARA HW,5
420,17,2,ARA LAB,40
421,17,2,ARA LAB,20
422,17,1,ARA HW,10
423,17,2,ARA LAB,35
424,17,5,ARA PROJECT,10
425,17,6,ARA PRESENTATION,25
426,17,2,ARA LAB,35
427,17,2,ARA LAB,35
428,17,3,ARA EXAM,30
429,17,2,ARA LAB,35
430,17,6,ARA PRESENTATION,40
431,17,6,ARA PRESENTATION,20
432,17,6,ARA PRESENTATION,25
433,17,1,ARA HW,30
434,17,6,ARA PRESENTATION,30
435,17,2,ARA LAB,5
436,17,2,ARA LAB,40
437,17,2,ARA LAB,35
438,17,1,ARA HW,20
439,17,3,ARA EXAM,15
440,17,2,ARA LAB,5
441,17,5,ARA PROJECT,30
442,17,4,Final,150
443,18,2,BCMB LAB,30
444,18,5,BCMB PROJECT,30
445,18,5,BCMB PROJECT,20
446,18,5,BCMB PROJECT,15
447,18,1,BCMB HW,35
448,18,1,BCMB HW,30
449,18,6,BCMB PRESENTATION,5
450,18,2,BCMB LAB,30
451,18,3,BCMB EXAM,25
452,18,5,BCMB PROJECT,30
453,18,1,BCMB HW,10
454,18,2,BCMB LAB,15
455,18,5,BCMB PROJECT,5
456,18,5,BCMB PROJECT,25
457,18,2,BCMB LAB,35
458,18,3,BCMB EXAM,40
459,18,5,BCMB PROJECT,20
460,18,5,BCMB PROJECT,5
461,18,3,BCMB EXAM,5
462,18,2,BCMB LAB,20
463,18,1,BCMB HW,25
464,18,5,BCMB PROJECT,5
465,18,3,BCMB EXAM,20
466,18,1,BCMB HW,35
467,18,5,BCMB PROJECT,40
468,18,4,Final,150
469,19,2,CHEM LAB,40
470,19,5,CHEM PROJECT,40
471,19,3,CHEM EXAM,35
472,19,5,CHEM PROJECT,5
473,19,1,CHEM HW,5
474,19,2,CHEM LAB,40
475,19,2,CHEM LAB,25
476,19,3,CHEM EXAM,40
477,19,2,CHEM LAB,20
478,19,1,CHEM HW,25
479,19,1,CHEM HW,20
480,19,3,CHEM EXAM,10
481,19,5,CHEM PROJECT,20
482,19,5,CHEM PROJECT,30
483,19,5,CHEM PROJECT,30
484,19,5,CHEM PROJECT,10
485,19,1,CHEM HW,40
486,19,3,CHEM EXAM,15
487,19,3,CHEM EXAM,15
488,19,1,CHEM HW,5
489,19,2,CHEM LAB,25
490,19,5,CHEM PROJECT,30
491,19,1,CHEM HW,25
492,19,1,CHEM HW,5
493,19,3,CHEM EXAM,25
494,19,4,Final,150
495,20,3,BCMB EXAM,15
496,20,1,BCMB HW,5
497,20,6,BCMB PRESENTATION,10
498,20,5,BCMB PROJECT,10
499,20,1,BCMB HW,5
500,20,6,BCMB PRESENTATION,30
501,20,3,BCMB EXAM,35
502,20,6,BCMB PRESENTATION,30
503,20,2,BCMB LAB,10
504,20,1,BCMB HW,10
505,20,2,BCMB LAB,30
506,20,6,BCMB PRESENTATION,40
507,20,6,BCMB PRESENTATION,30
508,20,6,BCMB PRESENTATION,30
509,20,2,BCMB LAB,5
510,20,5,BCMB PROJECT,40
511,20,1,BCMB HW,5
512,20,2,BCMB LAB,5
513,20,3,BCMB EXAM,30
514,20,3,BCMB EXAM,15
515,20,5,BCMB PROJECT,5
516,20,1,BCMB HW,5
517,20,5,BCMB PROJECT,5
518,20,6,BCMB PRESENTATION,25
519,20,3,BCMB EXAM,30
520,20,4,Final,150
521,21,6,CHEM PRESENTATION,25
522,21,3,CHEM EXAM,20
523,21,3,CHEM EXAM,25
524,21,5,CHEM PROJECT,15
525,21,5,CHEM PROJECT,15
526,21,5,CHEM PROJECT,25
527,21,1,CHEM HW,5
528,21,5,CHEM PROJECT,35
529,21,3,CHEM EXAM,5
530,21,2,CHEM LAB,15
531,21,6,CHEM PRESENTATION,25
532,21,2,CHEM LAB,25
533,21,2,CHEM LAB,20
534,21,1,CHEM HW,15
535,21,1,CHEM HW,30
536,21,2,CHEM LAB,30
537,21,6,CHEM PRESENTATION,40
538,21,1,CHEM HW,25
539,21,1,CHEM HW,5
540,21,5,CHEM PROJECT,10
541,21,5,CHEM PROJECT,15
542,21,2,CHEM LAB,20
543,21,6,CHEM PRESENTATION,20
544,21,3,CHEM EXAM,15
545,21,1,CHEM HW,35
546,21,4,Final,150
547,22,2,ANTH LAB,25
548,22,5,ANTH PROJECT,25
549,22,3,ANTH EXAM,15
550,22,2,ANTH LAB,20
551,22,3,ANTH EXAM,20
552,22,5,ANTH PROJECT,25
553,22,5,ANTH PROJECT,35
554,22,1,ANTH HW,20
555,22,6,ANTH PRESENTATION,10
556,22,3,ANTH EXAM,5
557,22,5,ANTH PROJECT,35
558,22,5,ANTH PROJECT,5
559,22,6,ANTH PRESENTATION,15
560,22,3,ANTH EXAM,20
561,22,5,ANTH PROJECT,30
562,22,1,ANTH HW,40
563,22,1,ANTH HW,15
564,22,1,ANTH HW,20
565,22,6,ANTH PRESENTATION,25
566,22,2,ANTH LAB,30
567,22,2,ANTH LAB,10
568,22,1,ANTH HW,25
569,22,5,ANTH PROJECT,40
570,22,1,ANTH HW,35
571,22,6,ANTH PRESENTATION,40
572,22,4,Final,150
573,23,2,CHN LAB,25
574,23,1,CHN HW,25
575,23,1,CHN HW,25
576,23,1,CHN HW,30
577,23,3,CHN EXAM,30
578,23,1,CHN HW,15
579,23,3,CHN EXAM,20
580,23,3,CHN EXAM,35
581,23,2,CHN LAB,5
582,23,6,CHN PRESENTATION,15
583,23,1,CHN HW,25
584,23,5,CHN PROJECT,20
585,23,5,CHN PROJECT,20
586,23,1,CHN HW,15
587,23,1,CHN HW,5
588,23,1,CHN HW,40
589,23,1,CHN HW,5
590,23,3,CHN EXAM,25
591,23,3,CHN EXAM,25
592,23,5,CHN PROJECT,35
593,23,3,CHN EXAM,10
594,23,1,CHN HW,40
595,23,2,CHN LAB,10
596,23,1,CHN HW,10
597,23,3,CHN EXAM,35
598,23,4,Final,150
599,24,5,BE PROJECT,15
600,24,6,BE PRESENTATION,5
601,24,1,BE HW,30
602,24,3,BE EXAM,30
603,24,1,BE HW,10
604,24,5,BE PROJECT,40
605,24,1,BE HW,10
606,24,5,BE PROJECT,40
607,24,2,BE LAB,15
608,24,5,BE PROJECT,20
609,24,1,BE HW,30
610,24,6,BE PRESENTATION,5
611,24,3,BE EXAM,40
612,24,6,BE PRESENTATION,5
613,24,3,BE EXAM,10
614,24,5,BE PROJECT,15
615,24,3,BE EXAM,40
616,24,1,BE HW,30
617,24,6,BE PRESENTATION,20
618,24,6,BE PRESENTATION,10
619,24,1,BE HW,25
620,24,5,BE PROJECT,30
621,24,3,BE EXAM,40
622,24,3,BE EXAM,40
623,24,6,BE PRESENTATION,40
624,24,4,Final,150
625,25,3,CHEM EXAM,15
626,25,6,CHEM PRESENTATION,25
627,25,2,CHEM LAB,20
628,25,6,CHEM PRESENTATION,10
629,25,1,CHEM HW,15
630,25,5,CHEM PROJECT,35
631,25,2,CHEM LAB,20
632,25,3,CHEM EXAM,20
633,25,2,CHEM LAB,10
634,25,6,CHEM PRESENTATION,10
635,25,1,CHEM HW,40
636,25,5,CHEM PROJECT,30
637,25,5,CHEM PROJECT,25
638,25,2,CHEM LAB,20
639,25,6,CHEM PRESENTATION,40
640,25,1,CHEM HW,30
641,25,2,CHEM LAB,10
642,25,6,CHEM PRESENTATION,10
643,25,3,CHEM EXAM,5
644,25,1,CHEM HW,35
645,25,5,CHEM PROJECT,30
646,25,5,CHEM PROJECT,30
647,25,5,CHEM PROJECT,20
648,25,3,CHEM EXAM,35
649,25,3,CHEM EXAM,40
650,25,4,Final,150
651,26,2,CHEM LAB,35
652,26,5,CHEM PROJECT,35
653,26,5,CHEM PROJECT,15
654,26,6,CHEM PRESENTATION,20
655,26,5,CHEM PROJECT,25
656,26,3,CHEM EXAM,30
657,26,3,CHEM EXAM,40
658,26,6,CHEM PRESENTATION,40
659,26,1,CHEM HW,5
660,26,6,CHEM PRESENTATION,15
661,26,6,CHEM PRESENTATION,35
662,26,6,CHEM PRESENTATION,40
663,26,5,CHEM PROJECT,5
664,26,6,CHEM PRESENTATION,25
665,26,6,CHEM PRESENTATION,40
666,26,3,CHEM EXAM,35
667,26,5,CHEM PROJECT,10
668,26,6,CHEM PRESENTATION,10
669,26,3,CHEM EXAM,10
670,26,2,CHEM LAB,20
671,26,6,CHEM PRESENTATION,40
672,26,2,CHEM LAB,5
673,26,3,CHEM EXAM,35
674,26,5,CHEM PROJECT,20
675,26,1,CHEM HW,25
676,26,4,Final,150
677,27,2,CHEM LAB,20
678,27,5,CHEM PROJECT,10
679,27,3,CHEM EXAM,30
680,27,3,CHEM EXAM,35
681,27,5,CHEM PROJECT,25
682,27,2,CHEM LAB,15
683,27,3,CHEM EXAM,15
684,27,6,CHEM PRESENTATION,35
685,27,5,CHEM PROJECT,15
686,27,6,CHEM PRESENTATION,35
687,27,2,CHEM LAB,10
688,27,5,CHEM PROJECT,10
689,27,6,CHEM PRESENTATION,40
690,27,5,CHEM PROJECT,35
691,27,3,CHEM EXAM,5
692,27,6,CHEM PRESENTATION,30
693,27,6,CHEM PRESENTATION,10
694,27,2,CHEM LAB,10
695,27,3,CHEM EXAM,35
696,27,1,CHEM HW,10
697,27,1,CHEM HW,40
698,27,3,CHEM EXAM,5
699,27,1,CHEM HW,20
700,27,1,CHEM HW,15
701,27,1,CHEM HW,15
702,27,4,Final,150
703,28,2,BCMB LAB,10
704,28,3,BCMB EXAM,10
705,28,2,BCMB LAB,20
706,28,5,BCMB PROJECT,40
707,28,5,BCMB PROJECT,15
708,28,1,BCMB HW,15
709,28,6,BCMB PRESENTATION,10
710,28,1,BCMB HW,35
711,28,5,BCMB PROJECT,35
712,28,1,BCMB HW,5
713,28,5,BCMB PROJECT,35
714,28,5,BCMB PROJECT,35
715,28,2,BCMB LAB,30
716,28,3,BCMB EXAM,20
717,28,1,BCMB HW,5
718,28,6,BCMB PRESENTATION,25
719,28,1,BCMB HW,5
720,28,6,BCMB PRESENTATION,30
721,28,5,BCMB PROJECT,40
722,28,5,BCMB PROJECT,5
723,28,5,BCMB PROJECT,35
724,28,6,BCMB PRESENTATION,5
725,28,2,BCMB LAB,40
726,28,5,BCMB PROJECT,40
727,28,5,BCMB PROJECT,10
728,28,4,Final,150
729,29,3,CHEM EXAM,40
730,29,5,CHEM PROJECT,30
731,29,6,CHEM PRESENTATION,40
732,29,6,CHEM PRESENTATION,20
733,29,1,CHEM HW,40
734,29,5,CHEM PROJECT,15
735,29,5,CHEM PROJECT,10
736,29,1,CHEM HW,5
737,29,6,CHEM PRESENTATION,30
738,29,5,CHEM PROJECT,35
739,29,2,CHEM LAB,40
740,29,1,CHEM HW,25
741,29,3,CHEM EXAM,15
742,29,1,CHEM HW,10
743,29,2,CHEM LAB,20
744,29,3,CHEM EXAM,35
745,29,3,CHEM EXAM,15
746,29,5,CHEM PROJECT,20
747,29,2,CHEM LAB,30
748,29,6,CHEM PRESENTATION,35
749,29,2,CHEM LAB,30
750,29,3,CHEM EXAM,15
751,29,2,CHEM LAB,20
752,29,5,CHEM PROJECT,20
753,29,2,CHEM LAB,10
754,29,4,Final,150
755,30,1,BCMB HW,25
756,30,2,BCMB LAB,10
757,30,5,BCMB PROJECT,5
758,30,3,BCMB EXAM,35
759,30,5,BCMB PROJECT,10
760,30,2,BCMB LAB,5
761,30,2,BCMB LAB,30
762,30,1,BCMB HW,5
763,30,6,BCMB PRESENTATION,10
764,30,3,BCMB EXAM,40
765,30,6,BCMB PRESENTATION,25
766,30,2,BCMB LAB,25
767,30,3,BCMB EXAM,15
768,30,3,BCMB EXAM,20
769,30,5,BCMB PROJECT,10
770,30,1,BCMB HW,20
771,30,6,BCMB PRESENTATION,20
772,30,3,BCMB EXAM,25
773,30,6,BCMB PRESENTATION,40
774,30,1,BCMB HW,20
775,30,5,BCMB PROJECT,5
776,30,2,BCMB LAB,20
777,30,5,BCMB PROJECT,40
778,30,5,BCMB PROJECT,35
779,30,5,BCMB PROJECT,5
780,30,4,Final,150
781,31,5,ART PROJECT,5
782,31,1,ART HW,25
783,31,6,ART PRESENTATION,10
784,31,6,ART PRESENTATION,25
785,31,2,ART LAB,5
786,31,1,ART HW,15
787,31,5,ART PROJECT,15
788,31,5,ART PROJECT,35
789,31,1,ART HW,10
790,31,3,ART EXAM,10
791,31,3,ART EXAM,35
792,31,3,ART EXAM,10
793,31,1,ART HW,15
794,31,5,ART PROJECT,5
795,31,2,ART LAB,10
796,31,3,ART EXAM,10
797,31,2,ART LAB,35
798,31,2,ART LAB,25
799,31,6,ART PRESENTATION,20
800,31,3,ART EXAM,5
801,31,2,ART LAB,35
802,31,3,ART EXAM,10
803,31,5,ART PROJECT,20
804,31,6,ART PRESENTATION,20
805,31,3,ART EXAM,35
806,31,4,Final,150
807,32,6,CHEM PRESENTATION,20
808,32,5,CHEM PROJECT,5
809,32,6,CHEM PRESENTATION,40
810,32,2,CHEM LAB,35
811,32,5,CHEM PROJECT,15
812,32,2,CHEM LAB,40
813,32,6,CHEM PRESENTATION,20
814,32,5,CHEM PROJECT,25
815,32,6,CHEM PRESENTATION,20
816,32,6,CHEM PRESENTATION,5
817,32,5,CHEM PROJECT,25
818,32,2,CHEM LAB,40
819,32,5,CHEM PROJECT,10
820,32,2,CHEM LAB,40
821,32,5,CHEM PROJECT,25
822,32,1,CHEM HW,10
823,32,1,CHEM HW,25
824,32,5,CHEM PROJECT,25
825,32,1,CHEM HW,15
826,32,3,CHEM EXAM,10
827,32,3,CHEM EXAM,20
828,32,2,CHEM LAB,20
829,32,1,CHEM HW,40
830,32,3,CHEM EXAM,30
831,32,5,CHEM PROJECT,25
832,32,4,Final,150
833,33,5,CHN PROJECT,10
834,33,1,CHN HW,20
835,33,1,CHN HW,30
836,33,6,CHN PRESENTATION,30
837,33,6,CHN PRESENTATION,35
838,33,2,CHN LAB,35
839,33,5,CHN PROJECT,35
840,33,1,CHN HW,20
841,33,6,CHN PRESENTATION,35
842,33,1,CHN HW,35
843,33,3,CHN EXAM,5
844,33,5,CHN PROJECT,15
845,33,3,CHN EXAM,20
846,33,6,CHN PRESENTATION,15
847,33,5,CHN PROJECT,30
848,33,2,CHN LAB,10
849,33,3,CHN EXAM,10
850,33,5,CHN PROJECT,30
851,33,5,CHN PROJECT,5
852,33,2,CHN LAB,5
853,33,6,CHN PRESENTATION,25
854,33,2,CHN LAB,20
855,33,6,CHN PRESENTATION,25
856,33,6,CHN PRESENTATION,25
857,33,5,CHN PROJECT,15
858,33,4,Final,150
859,34,5,CHEM PROJECT,20
860,34,6,CHEM PRESENTATION,20
861,34,1,CHEM HW,25
862,34,5,CHEM PROJECT,25
863,34,5,CHEM PROJECT,30
864,34,6,CHEM PRESENTATION,5
865,34,6,CHEM PRESENTATION,10
866,34,2,CHEM LAB,35
867,34,1,CHEM HW,15
868,34,2,CHEM LAB,35
869,34,6,CHEM PRESENTATION,20
870,34,5,CHEM PROJECT,40
871,34,2,CHEM LAB,35
872,34,5,CHEM PROJECT,5
873,34,6,CHEM PRESENTATION,5
874,34,2,CHEM LAB,35
875,34,5,CHEM PROJECT,10
876,34,6,CHEM PRESENTATION,5
877,34,1,CHEM HW,40
878,34,6,CHEM PRESENTATION,15
879,34,2,CHEM LAB,15
880,34,3,CHEM EXAM,10
881,34,2,CHEM LAB,5
882,34,6,CHEM PRESENTATION,15
883,34,1,CHEM HW,35
884,34,4,Final,150
885,35,6,CHEM PRESENTATION,20
886,35,1,CHEM HW,40
887,35,5,CHEM PROJECT,40
888,35,2,CHEM LAB,35
889,35,3,CHEM EXAM,10
890,35,5,CHEM PROJECT,5
891,35,1,CHEM HW,10
892,35,6,CHEM PRESENTATION,30
893,35,1,CHEM HW,40
894,35,5,CHEM PROJECT,10
895,35,1,CHEM HW,10
896,35,5,CHEM PROJECT,5
897,35,3,CHEM EXAM,10
898,35,6,CHEM PRESENTATION,10
899,35,2,CHEM LAB,5
900,35,5,CHEM PROJECT,40
901,35,6,CHEM PRESENTATION,20
902,35,5,CHEM PROJECT,5
903,35,3,CHEM EXAM,30
904,35,1,CHEM HW,35
905,35,1,CHEM HW,30
906,35,5,CHEM PROJECT,20
907,35,2,CHEM LAB,10
908,35,3,CHEM EXAM,30
909,35,5,CHEM PROJECT,10
910,35,4,Final,150
911,36,2,CHN LAB,35
912,36,3,CHN EXAM,25
913,36,2,CHN LAB,20
914,36,5,CHN PROJECT,30
915,36,3,CHN EXAM,35
916,36,5,CHN PROJECT,10
917,36,5,CHN PROJECT,40
918,36,6,CHN PRESENTATION,5
919,36,1,CHN HW,5
920,36,6,CHN PRESENTATION,25
921,36,6,CHN PRESENTATION,30
922,36,5,CHN PROJECT,15
923,36,6,CHN PRESENTATION,5
924,36,3,CHN EXAM,15
925,36,2,CHN LAB,15
926,36,6,CHN PRESENTATION,25
927,36,3,CHN EXAM,15
928,36,1,CHN HW,25
929,36,2,CHN LAB,35
930,36,5,CHN PROJECT,10
931,36,2,CHN LAB,30
932,36,5,CHN PROJECT,30
933,36,5,CHN PROJECT,25
934,36,1,CHN HW,30
935,36,5,CHN PROJECT,20
936,36,4,Final,150
937,37,2,ART LAB,10
938,37,5,ART PROJECT,35
939,37,1,ART HW,5
940,37,6,ART PRESENTATION,5
941,37,1,ART HW,20
942,37,3,ART EXAM,15
943,37,6,ART PRESENTATION,40
944,37,3,ART EXAM,10
945,37,1,ART HW,30
946,37,1,ART HW,25
947,37,1,ART HW,5
948,37,2,ART LAB,30
949,37,5,ART PROJECT,40
950,37,2,ART LAB,5
951,37,2,ART LAB,15
952,37,6,ART PRESENTATION,20
953,37,3,ART EXAM,20
954,37,5,ART PROJECT,10
955,37,1,ART HW,35
956,37,1,ART HW,30
957,37,5,ART PROJECT,20
958,37,6,ART PRESENTATION,35
959,37,2,ART LAB,15
960,37,5,ART PROJECT,35
961,37,2,ART LAB,10
962,37,4,Final,150
963,38,3,BIO EXAM,30
964,38,6,BIO PRESENTATION,15
965,38,1,BIO HW,15
966,38,6,BIO PRESENTATION,25
967,38,5,BIO PROJECT,5
968,38,5,BIO PROJECT,35
969,38,3,BIO EXAM,15
970,38,2,BIO LAB,40
971,38,2,BIO LAB,5
972,38,1,BIO HW,10
973,38,6,BIO PRESENTATION,35
974,38,1,BIO HW,15
975,38,6,BIO PRESENTATION,10
976,38,6,BIO PRESENTATION,25
977,38,5,BIO PROJECT,40
978,38,2,BIO LAB,5
979,38,3,BIO EXAM,20
980,38,3,BIO EXAM,25
981,38,3,BIO EXAM,30
982,38,3,BIO EXAM,20
983,38,5,BIO PROJECT,5
984,38,2,BIO LAB,25
985,38,6,BIO PRESENTATION,5
986,38,5,BIO PROJECT,35
987,38,5,BIO PROJECT,30
988,38,4,Final,150
989,39,1,BCMB HW,25
990,39,6,BCMB PRESENTATION,5
991,39,1,BCMB HW,25
992,39,3,BCMB EXAM,25
993,39,5,BCMB PROJECT,20
994,39,5,BCMB PROJECT,5
995,39,3,BCMB EXAM,40
996,39,6,BCMB PRESENTATION,10
997,39,3,BCMB EXAM,5
998,39,2,BCMB LAB,30
999,39,1,BCMB HW,40
1000,39,2,BCMB LAB,10
1001,39,3,BCMB EXAM,40
1002,39,5,BCMB PROJECT,40
1003,39,6,BCMB PRESENTATION,35
1004,39,1,BCMB HW,15
1005,39,2,BCMB LAB,15
1006,39,2,BCMB LAB,30
1007,39,2,BCMB LAB,5
1008,39,3,BCMB EXAM,5
1009,39,2,BCMB LAB,25
1010,39,5,BCMB PROJECT,20
1011,39,5,BCMB PROJECT,5
1012,39,3,BCMB EXAM,15
1013,39,6,BCMB PRESENTATION,25
1014,39,4,Final,150
1015,40,3,BCMB EXAM,20
1016,40,3,BCMB EXAM,10
1017,40,5,BCMB PROJECT,35
1018,40,2,BCMB LAB,35
1019,40,2,BCMB LAB,15
1020,40,6,BCMB PRESENTATION,10
1021,40,3,BCMB EXAM,40
1022,40,5,BCMB PROJECT,40
1023,40,1,BCMB HW,5
1024,40,3,BCMB EXAM,35
1025,40,5,BCMB PROJECT,30
1026,40,6,BCMB PRESENTATION,35
1027,40,3,BCMB EXAM,25
1028,40,5,BCMB PROJECT,35
1029,40,3,BCMB EXAM,20
1030,40,1,BCMB HW,40
1031,40,3,BCMB EXAM,15
1032,40,6,BCMB PRESENTATION,30
1033,40,3,BCMB EXAM,35
1034,40,2,BCMB LAB,40
1035,40,5,BCMB PROJECT,35
1036,40,6,BCMB PRESENTATION,20
1037,40,5,BCMB PROJECT,30
1038,40,3,BCMB EXAM,5
1039,40,6,BCMB PRESENTATION,20
1040,40,4,Final,150
1041,41,1,BIO HW,10
1042,41,2,BIO LAB,10
1043,41,5,BIO PROJECT,40
1044,41,3,BIO EXAM,10
1045,41,3,BIO EXAM,5
1046,41,5,BIO PROJECT,10
1047,41,1,BIO HW,35
1048,41,5,BIO PROJECT,25
1049,41,5,BIO PROJECT,5
1050,41,6,BIO PRESENTATION,10
1051,41,6,BIO PRESENTATION,20
1052,41,1,BIO HW,15
1053,41,5,BIO PROJECT,5
1054,41,1,BIO HW,15
1055,41,6,BIO PRESENTATION,35
1056,41,5,BIO PROJECT,35
1057,41,1,BIO HW,35
1058,41,2,BIO LAB,25
1059,41,1,BIO HW,20
1060,41,2,BIO LAB,5
1061,41,1,BIO HW,35
1062,41,1,BIO HW,35
1063,41,6,BIO PRESENTATION,40
1064,41,3,BIO EXAM,15
1065,41,1,BIO HW,40
1066,41,4,Final,150
1067,42,1,ART HW,40
1068,42,6,ART PRESENTATION,20
1069,42,2,ART LAB,10
1070,42,3,ART EXAM,5
1071,42,1,ART HW,15
1072,42,1,ART HW,10
1073,42,2,ART LAB,30
1074,42,6,ART PRESENTATION,35
1075,42,2,ART LAB,5
1076,42,1,ART HW,35
1077,42,5,ART PROJECT,10
1078,42,3,ART EXAM,20
1079,42,6,ART PRESENTATION,35
1080,42,6,ART PRESENTATION,10
1081,42,2,ART LAB,30
1082,42,3,ART EXAM,30
1083,42,5,ART PROJECT,10
1084,42,2,ART LAB,10
1085,42,6,ART PRESENTATION,30
1086,42,3,ART EXAM,25
1087,42,6,ART PRESENTATION,5
1088,42,1,ART HW,15
1089,42,3,ART EXAM,20
1090,42,6,ART PRESENTATION,40
1091,42,3,ART EXAM,5
1092,42,4,Final,150
1093,43,3,BCMB EXAM,10
1094,43,3,BCMB EXAM,30
1095,43,5,BCMB PROJECT,20
1096,43,3,BCMB EXAM,15
1097,43,2,BCMB LAB,35
1098,43,2,BCMB LAB,5
1099,43,1,BCMB HW,25
1100,43,1,BCMB HW,25
1101,43,5,BCMB PROJECT,40
1102,43,2,BCMB LAB,25
1103,43,3,BCMB EXAM,40
1104,43,5,BCMB PROJECT,5
1105,43,1,BCMB HW,35
1106,43,5,BCMB PROJECT,25
1107,43,2,BCMB LAB,25
1108,43,1,BCMB HW,15
1109,43,3,BCMB EXAM,30
1110,43,3,BCMB EXAM,20
1111,43,1,BCMB HW,40
1112,43,3,BCMB EXAM,5
1113,43,6,BCMB PRESENTATION,5
1114,43,1,BCMB HW,15
1115,43,2,BCMB LAB,40
1116,43,5,BCMB PROJECT,25
1117,43,5,BCMB PROJECT,25
1118,43,4,Final,150
1119,44,5,CHEM PROJECT,10
1120,44,1,CHEM HW,20
1121,44,3,CHEM EXAM,40
1122,44,5,CHEM PROJECT,35
1123,44,1,CHEM HW,40
1124,44,3,CHEM EXAM,25
1125,44,1,CHEM HW,10
1126,44,2,CHEM LAB,35
1127,44,6,CHEM PRESENTATION,40
1128,44,2,CHEM LAB,5
1129,44,3,CHEM EXAM,35
1130,44,1,CHEM HW,30
1131,44,2,CHEM LAB,25
1132,44,6,CHEM PRESENTATION,15
1133,44,3,CHEM EXAM,10
1134,44,1,CHEM HW,10
1135,44,5,CHEM PROJECT,30
1136,44,3,CHEM EXAM,5
1137,44,5,CHEM PROJECT,10
1138,44,1,CHEM HW,30
1139,44,2,CHEM LAB,15
1140,44,2,CHEM LAB,25
1141,44,5,CHEM PROJECT,15
1142,44,6,CHEM PRESENTATION,15
1143,44,6,CHEM PRESENTATION,10
1144,44,4,Final,150
1145,45,1,ANSO HW,10
1146,45,6,ANSO PRESENTATION,25
1147,45,5,ANSO PROJECT,25
1148,45,2,ANSO LAB,30
1149,45,2,ANSO LAB,10
1150,45,3,ANSO EXAM,10
1151,45,6,ANSO PRESENTATION,25
1152,45,6,ANSO PRESENTATION,5
1153,45,1,ANSO HW,25
1154,45,3,ANSO EXAM,5
1155,45,2,ANSO LAB,20
1156,45,6,ANSO PRESENTATION,35
1157,45,1,ANSO HW,30
1158,45,6,ANSO PRESENTATION,15
1159,45,1,ANSO HW,5
1160,45,1,ANSO HW,10
1161,45,2,ANSO LAB,15
1162,45,3,ANSO EXAM,10
1163,45,6,ANSO PRESENTATION,35
1164,45,2,ANSO LAB,5
1165,45,5,ANSO PROJECT,15
1166,45,1,ANSO HW,30
1167,45,3,ANSO EXAM,30
1168,45,2,ANSO LAB,15
1169,45,1,ANSO HW,25
1170,45,4,Final,150
1171,46,6,CHEM PRESENTATION,20
1172,46,3,CHEM EXAM,15
1173,46,2,CHEM LAB,20
1174,46,3,CHEM EXAM,25
1175,46,2,CHEM LAB,15
1176,46,2,CHEM LAB,5
1177,46,6,CHEM PRESENTATION,30
1178,46,2,CHEM LAB,15
1179,46,3,CHEM EXAM,15
1180,46,6,CHEM PRESENTATION,15
1181,46,1,CHEM HW,30
1182,46,2,CHEM LAB,35
1183,46,3,CHEM EXAM,30
1184,46,5,CHEM PROJECT,20
1185,46,1,CHEM HW,40
1186,46,3,CHEM EXAM,5
1187,46,6,CHEM PRESENTATION,40
1188,46,1,CHEM HW,10
1189,46,2,CHEM LAB,25
1190,46,1,CHEM HW,20
1191,46,1,CHEM HW,35
1192,46,6,CHEM PRESENTATION,40
1193,46,5,CHEM PROJECT,40
1194,46,2,CHEM LAB,40
1195,46,1,CHEM HW,25
1196,46,4,Final,150
1197,47,5,ART PROJECT,35
1198,47,6,ART PRESENTATION,5
1199,47,2,ART LAB,30
1200,47,6,ART PRESENTATION,20
1201,47,5,ART PROJECT,35
1202,47,6,ART PRESENTATION,30
1203,47,1,ART HW,30
1204,47,2,ART LAB,15
1205,47,1,ART HW,10
1206,47,2,ART LAB,35
1207,47,3,ART EXAM,5
1208,47,2,ART LAB,15
1209,47,1,ART HW,20
1210,47,1,ART HW,15
1211,47,2,ART LAB,25
1212,47,1,ART HW,30
1213,47,6,ART PRESENTATION,40
1214,47,3,ART EXAM,40
1215,47,5,ART PROJECT,30
1216,47,6,ART PRESENTATION,25
1217,47,2,ART LAB,30
1218,47,3,ART EXAM,15
1219,47,2,ART LAB,20
1220,47,6,ART PRESENTATION,5
1221,47,2,ART LAB,30
1222,47,4,Final,150
1223,48,1,CHEM HW,5
1224,48,5,CHEM PROJECT,5
1225,48,1,CHEM HW,30
1226,48,6,CHEM PRESENTATION,40
1227,48,1,CHEM HW,15
1228,48,6,CHEM PRESENTATION,20
1229,48,3,CHEM EXAM,5
1230,48,3,CHEM EXAM,5
1231,48,3,CHEM EXAM,40
1232,48,3,CHEM EXAM,10
1233,48,2,CHEM LAB,40
1234,48,3,CHEM EXAM,10
1235,48,1,CHEM HW,15
1236,48,3,CHEM EXAM,40
1237,48,1,CHEM HW,30
1238,48,5,CHEM PROJECT,15
1239,48,3,CHEM EXAM,10
1240,48,1,CHEM HW,30
1241,48,1,CHEM HW,10
1242,48,6,CHEM PRESENTATION,40
1243,48,3,CHEM EXAM,10
1244,48,2,CHEM LAB,5
1245,48,5,CHEM PROJECT,15
1246,48,3,CHEM EXAM,35
1247,48,6,CHEM PRESENTATION,20
1248,48,4,Final,150
1249,49,1,BE HW,20
1250,49,2,BE LAB,40
1251,49,2,BE LAB,5
1252,49,6,BE PRESENTATION,35
1253,49,1,BE HW,25
1254,49,3,BE EXAM,15
1255,49,1,BE HW,40
1256,49,5,BE PROJECT,35
1257,49,5,BE PROJECT,15
1258,49,1,BE HW,20
1259,49,2,BE LAB,20
1260,49,3,BE EXAM,25
1261,49,2,BE LAB,20
1262,49,5,BE PROJECT,5
1263,49,2,BE LAB,15
1264,49,3,BE EXAM,30
1265,49,6,BE PRESENTATION,20
1266,49,1,BE HW,20
1267,49,1,BE HW,20
1268,49,1,BE HW,10
1269,49,2,BE LAB,10
1270,49,5,BE PROJECT,35
1271,49,2,BE LAB,15
1272,49,5,BE PROJECT,40
1273,49,5,BE PROJECT,20
1274,49,4,Final,150
1275,50,2,CHEM LAB,35
1276,50,5,CHEM PROJECT,15
1277,50,6,CHEM PRESENTATION,30
1278,50,6,CHEM PRESENTATION,35
1279,50,3,CHEM EXAM,5
1280,50,1,CHEM HW,20
1281,50,2,CHEM LAB,40
1282,50,1,CHEM HW,20
1283,50,1,CHEM HW,30
1284,50,5,CHEM PROJECT,35
1285,50,3,CHEM EXAM,5
1286,50,1,CHEM HW,15
1287,50,3,CHEM EXAM,5
1288,50,3,CHEM EXAM,25
1289,50,5,CHEM PROJECT,10
1290,50,1,CHEM HW,20
1291,50,1,CHEM HW,30
1292,50,5,CHEM PROJECT,20
1293,50,1,CHEM HW,30
1294,50,6,CHEM PRESENTATION,10
1295,50,2,CHEM LAB,35
1296,50,1,CHEM HW,20
1297,50,1,CHEM HW,15
1298,50,5,CHEM PROJECT,35
1299,50,1,CHEM HW,25
1300,50,4,Final,150
1301,51,1,ART HW,10
1302,51,2,ART LAB,30
1303,51,2,ART LAB,15
1304,51,2,ART LAB,10
1305,51,6,ART PRESENTATION,40
1306,51,5,ART PROJECT,20
1307,51,6,ART PRESENTATION,5
1308,51,5,ART PROJECT,30
1309,51,1,ART HW,40
1310,51,5,ART PROJECT,5
1311,51,3,ART EXAM,15
1312,51,2,ART LAB,25
1313,51,6,ART PRESENTATION,25
1314,51,5,ART PROJECT,20
1315,51,1,ART HW,20
1316,51,3,ART EXAM,15
1317,51,1,ART HW,30
1318,51,1,ART HW,15
1319,51,5,ART PROJECT,15
1320,51,3,ART EXAM,25
1321,51,6,ART PRESENTATION,20
1322,51,6,ART PRESENTATION,15
1323,51,6,ART PRESENTATION,5
1324,51,1,ART HW,35
1325,51,6,ART PRESENTATION,35
1326,51,4,Final,150
1327,52,5,CHEM PROJECT,10
1328,52,2,CHEM LAB,35
1329,52,3,CHEM EXAM,5
1330,52,6,CHEM PRESENTATION,15
1331,52,2,CHEM LAB,5
1332,52,6,CHEM PRESENTATION,30
1333,52,1,CHEM HW,20
1334,52,6,CHEM PRESENTATION,20
1335,52,6,CHEM PRESENTATION,15
1336,52,6,CHEM PRESENTATION,35
1337,52,5,CHEM PROJECT,25
1338,52,6,CHEM PRESENTATION,10
1339,52,2,CHEM LAB,35
1340,52,2,CHEM LAB,35
1341,52,5,CHEM PROJECT,30
1342,52,6,CHEM PRESENTATION,40
1343,52,5,CHEM PROJECT,40
1344,52,2,CHEM LAB,15
1345,52,1,CHEM HW,35
1346,52,1,CHEM HW,5
1347,52,1,CHEM HW,30
1348,52,6,CHEM PRESENTATION,10
1349,52,3,CHEM EXAM,10
1350,52,6,CHEM PRESENTATION,10
1351,52,1,CHEM HW,40
1352,52,4,Final,150
1353,53,5,CIE PROJECT,40
1354,53,6,CIE PRESENTATION,25
1355,53,6,CIE PRESENTATION,20
1356,53,6,CIE PRESENTATION,30
1357,53,2,CIE LAB,30
1358,53,5,CIE PROJECT,5
1359,53,2,CIE LAB,25
1360,53,2,CIE LAB,15
1361,53,3,CIE EXAM,10
1362,53,1,CIE HW,5
1363,53,6,CIE PRESENTATION,40
1364,53,5,CIE PROJECT,15
1365,53,1,CIE HW,10
1366,53,1,CIE HW,15
1367,53,2,CIE LAB,30
1368,53,5,CIE PROJECT,35
1369,53,5,CIE PROJECT,15
1370,53,6,CIE PRESENTATION,15
1371,53,3,CIE EXAM,10
1372,53,6,CIE PRESENTATION,10
1373,53,5,CIE PROJECT,40
1374,53,3,CIE EXAM,30
1375,53,5,CIE PROJECT,5
1376,53,6,CIE PRESENTATION,30
1377,53,1,CIE HW,15
1378,53,4,Final,150
1379,54,2,CHEM LAB,20
1380,54,1,CHEM HW,30
1381,54,2,CHEM LAB,30
1382,54,3,CHEM EXAM,15
1383,54,3,CHEM EXAM,20
1384,54,1,CHEM HW,25
1385,54,1,CHEM HW,5
1386,54,6,CHEM PRESENTATION,35
1387,54,6,CHEM PRESENTATION,20
1388,54,6,CHEM PRESENTATION,30
1389,54,1,CHEM HW,30
1390,54,5,CHEM PROJECT,20
1391,54,6,CHEM PRESENTATION,30
1392,54,2,CHEM LAB,10
1393,54,5,CHEM PROJECT,30
1394,54,2,CHEM LAB,15
1395,54,5,CHEM PROJECT,25
1396,54,5,CHEM PROJECT,20
1397,54,1,CHEM HW,5
1398,54,6,CHEM PRESENTATION,5
1399,54,6,CHEM PRESENTATION,35
1400,54,6,CHEM PRESENTATION,15
1401,54,6,CHEM PRESENTATION,30
1402,54,3,CHEM EXAM,10
1403,54,3,CHEM EXAM,40
1404,54,4,Final,150
1405,55,1,BIO HW,15
1406,55,3,BIO EXAM,10
1407,55,6,BIO PRESENTATION,10
1408,55,6,BIO PRESENTATION,35
1409,55,3,BIO EXAM,25
1410,55,6,BIO PRESENTATION,10
1411,55,3,BIO EXAM,35
1412,55,6,BIO PRESENTATION,15
1413,55,5,BIO PROJECT,40
1414,55,3,BIO EXAM,15
1415,55,2,BIO LAB,5
1416,55,1,BIO HW,15
1417,55,5,BIO PROJECT,35
1418,55,1,BIO HW,10
1419,55,2,BIO LAB,5
1420,55,5,BIO PROJECT,25
1421,55,6,BIO PRESENTATION,10
1422,55,3,BIO EXAM,20
1423,55,5,BIO PROJECT,25
1424,55,5,BIO PROJECT,15
1425,55,1,BIO HW,40
1426,55,5,BIO PROJECT,15
1427,55,2,BIO LAB,20
1428,55,6,BIO PRESENTATION,30
1429,55,6,BIO PRESENTATION,35
1430,55,4,Final,150
1431,56,5,CHEM PROJECT,5
1432,56,1,CHEM HW,15
1433,56,6,CHEM PRESENTATION,20
1434,56,5,CHEM PROJECT,25
1435,56,5,CHEM PROJECT,30
1436,56,3,CHEM EXAM,25
1437,56,5,CHEM PROJECT,30
1438,56,3,CHEM EXAM,15
1439,56,1,CHEM HW,35
1440,56,1,CHEM HW,10
1441,56,3,CHEM EXAM,15
1442,56,6,CHEM PRESENTATION,20
1443,56,3,CHEM EXAM,5
1444,56,1,CHEM HW,30
1445,56,3,CHEM EXAM,35
1446,56,1,CHEM HW,10
1447,56,1,CHEM HW,15
1448,56,1,CHEM HW,5
1449,56,6,CHEM PRESENTATION,30
1450,56,1,CHEM HW,30
1451,56,6,CHEM PRESENTATION,5
1452,56,1,CHEM HW,40
1453,56,3,CHEM EXAM,25
1454,56,2,CHEM LAB,30
1455,56,3,CHEM EXAM,25
1456,56,4,Final,150
1457,57,6,CHEM PRESENTATION,5
1458,57,1,CHEM HW,20
1459,57,6,CHEM PRESENTATION,10
1460,57,2,CHEM LAB,35
1461,57,5,CHEM PROJECT,35
1462,57,5,CHEM PROJECT,10
1463,57,5,CHEM PROJECT,10
1464,57,1,CHEM HW,5
1465,57,1,CHEM HW,25
1466,57,2,CHEM LAB,35
1467,57,3,CHEM EXAM,30
1468,57,2,CHEM LAB,25
1469,57,3,CHEM EXAM,25
1470,57,5,CHEM PROJECT,15
1471,57,1,CHEM HW,40
1472,57,5,CHEM PROJECT,35
1473,57,5,CHEM PROJECT,10
1474,57,6,CHEM PRESENTATION,5
1475,57,5,CHEM PROJECT,25
1476,57,6,CHEM PRESENTATION,40
1477,57,1,CHEM HW,10
1478,57,6,CHEM PRESENTATION,10
1479,57,2,CHEM LAB,10
1480,57,5,CHEM PROJECT,35
1481,57,2,CHEM LAB,10
1482,57,4,Final,150
1483,58,3,BCMB EXAM,40
1484,58,1,BCMB HW,30
1485,58,5,BCMB PROJECT,20
1486,58,1,BCMB HW,35
1487,58,3,BCMB EXAM,30
1488,58,2,BCMB LAB,35
1489,58,5,BCMB PROJECT,30
1490,58,6,BCMB PRESENTATION,35
1491,58,6,BCMB PRESENTATION,5
1492,58,2,BCMB LAB,30
1493,58,5,BCMB PROJECT,35
1494,58,3,BCMB EXAM,15
1495,58,1,BCMB HW,10
1496,58,5,BCMB PROJECT,20
1497,58,2,BCMB LAB,20
1498,58,6,BCMB PRESENTATION,20
1499,58,3,BCMB EXAM,15
1500,58,2,BCMB LAB,15
1501,58,1,BCMB HW,35
1502,58,6,BCMB PRESENTATION,35
1503,58,6,BCMB PRESENTATION,15
1504,58,2,BCMB LAB,35
1505,58,6,BCMB PRESENTATION,40
1506,58,5,BCMB PROJECT,40
1507,58,3,BCMB EXAM,35
1508,58,4,Final,150
1509,59,3,CHEM EXAM,40
1510,59,1,CHEM HW,15
1511,59,6,CHEM PRESENTATION,35
1512,59,2,CHEM LAB,5
1513,59,6,CHEM PRESENTATION,30
1514,59,5,CHEM PROJECT,35
1515,59,1,CHEM HW,30
1516,59,6,CHEM PRESENTATION,30
1517,59,1,CHEM HW,30
1518,59,3,CHEM EXAM,10
1519,59,6,CHEM PRESENTATION,15
1520,59,3,CHEM EXAM,10
1521,59,1,CHEM HW,5
1522,59,5,CHEM PROJECT,10
1523,59,2,CHEM LAB,20
1524,59,6,CHEM PRESENTATION,15
1525,59,3,CHEM EXAM,40
1526,59,1,CHEM HW,20
1527,59,3,CHEM EXAM,25
1528,59,1,CHEM HW,25
1529,59,3,CHEM EXAM,10
1530,59,2,CHEM LAB,10
1531,59,6,CHEM PRESENTATION,5
1532,59,5,CHEM PROJECT,35
1533,59,1,CHEM HW,15
1534,59,4,Final,150
1535,60,5,BCMB PROJECT,30
1536,60,2,BCMB LAB,25
1537,60,5,BCMB PROJECT,20
1538,60,5,BCMB PROJECT,10
1539,60,5,BCMB PROJECT,25
1540,60,5,BCMB PROJECT,10
1541,60,2,BCMB LAB,15
1542,60,3,BCMB EXAM,30
1543,60,3,BCMB EXAM,30
1544,60,2,BCMB LAB,25
1545,60,2,BCMB LAB,35
1546,60,2,BCMB LAB,40
1547,60,1,BCMB HW,10
1548,60,3,BCMB EXAM,20
1549,60,5,BCMB PROJECT,15
1550,60,6,BCMB PRESENTATION,10
1551,60,6,BCMB PRESENTATION,10
1552,60,1,BCMB HW,15
1553,60,6,BCMB PRESENTATION,40
1554,60,3,BCMB EXAM,5
1555,60,5,BCMB PROJECT,25
1556,60,3,BCMB EXAM,40
1557,60,3,BCMB EXAM,35
1558,60,3,BCMB EXAM,40
1559,60,6,BCMB PRESENTATION,20
1560,60,4,Final,150
1561,61,1,CHEM HW,20
1562,61,5,CHEM PROJECT,25
1563,61,2,CHEM LAB,5
1564,61,2,CHEM LAB,10
1565,61,3,CHEM EXAM,25
1566,61,1,CHEM HW,25
1567,61,6,CHEM PRESENTATION,10
1568,61,5,CHEM PROJECT,20
1569,61,1,CHEM HW,30
1570,61,2,CHEM LAB,25
1571,61,1,CHEM HW,10
1572,61,5,CHEM PROJECT,35
1573,61,6,CHEM PRESENTATION,5
1574,61,5,CHEM PROJECT,5
1575,61,6,CHEM PRESENTATION,35
1576,61,3,CHEM EXAM,20
1577,61,1,CHEM HW,15
1578,61,1,CHEM HW,35
1579,61,5,CHEM PROJECT,5
1580,61,1,CHEM HW,25
1581,61,2,CHEM LAB,35
1582,61,1,CHEM HW,35
1583,61,1,CHEM HW,10
1584,61,5,CHEM PROJECT,10
1585,61,3,CHEM EXAM,30
1586,61,4,Final,150
1587,62,1,CHN HW,25
1588,62,1,CHN HW,25
1589,62,5,CHN PROJECT,15
1590,62,3,CHN EXAM,15
1591,62,6,CHN PRESENTATION,25
1592,62,5,CHN PROJECT,25
1593,62,6,CHN PRESENTATION,15
1594,62,2,CHN LAB,5
1595,62,5,CHN PROJECT,20
1596,62,2,CHN LAB,5
1597,62,3,CHN EXAM,20
1598,62,2,CHN LAB,15
1599,62,5,CHN PROJECT,30
1600,62,6,CHN PRESENTATION,40
1601,62,5,CHN PROJECT,30
1602,62,2,CHN LAB,25
1603,62,2,CHN LAB,15
1604,62,5,CHN PROJECT,15
1605,62,6,CHN PRESENTATION,30
1606,62,5,CHN PROJECT,20
1607,62,2,CHN LAB,25
1608,62,5,CHN PROJECT,30
1609,62,5,CHN PROJECT,35
1610,62,3,CHN EXAM,15
1611,62,3,CHN EXAM,5
1612,62,4,Final,150
1613,63,3,CIE EXAM,20
1614,63,5,CIE PROJECT,5
1615,63,5,CIE PROJECT,35
1616,63,5,CIE PROJECT,35
1617,63,6,CIE PRESENTATION,5
1618,63,2,CIE LAB,5
1619,63,5,CIE PROJECT,35
1620,63,5,CIE PROJECT,35
1621,63,6,CIE PRESENTATION,15
1622,63,1,CIE HW,30
1623,63,1,CIE HW,10
1624,63,6,CIE PRESENTATION,35
1625,63,6,CIE PRESENTATION,15
1626,63,3,CIE EXAM,5
1627,63,3,CIE EXAM,20
1628,63,5,CIE PROJECT,25
1629,63,2,CIE LAB,25
1630,63,3,CIE EXAM,20
1631,63,6,CIE PRESENTATION,35
1632,63,2,CIE LAB,15
1633,63,2,CIE LAB,40
1634,63,3,CIE EXAM,10
1635,63,2,CIE LAB,10
1636,63,1,CIE HW,40
1637,63,6,CIE PRESENTATION,25
1638,63,4,Final,150
1639,64,3,ART EXAM,30
1640,64,1,ART HW,40
1641,64,2,ART LAB,35
1642,64,6,ART PRESENTATION,10
1643,64,6,ART PRESENTATION,5
1644,64,2,ART LAB,40
1645,64,1,ART HW,10
1646,64,5,ART PROJECT,30
1647,64,5,ART PROJECT,15
1648,64,1,ART HW,20
1649,64,3,ART EXAM,40
1650,64,1,ART HW,15
1651,64,2,ART LAB,10
1652,64,6,ART PRESENTATION,40
1653,64,2,ART LAB,10
1654,64,5,ART PROJECT,30
1655,64,3,ART EXAM,40
1656,64,6,ART PRESENTATION,30
1657,64,2,ART LAB,10
1658,64,3,ART EXAM,5
1659,64,2,ART LAB,35
1660,64,1,ART HW,40
1661,64,3,ART EXAM,10
1662,64,6,ART PRESENTATION,5
1663,64,5,ART PROJECT,40
1664,64,4,Final,150
1665,65,6,BIO PRESENTATION,20
1666,65,5,BIO PROJECT,35
1667,65,5,BIO PROJECT,15
1668,65,6,BIO PRESENTATION,5
1669,65,1,BIO HW,20
1670,65,3,BIO EXAM,35
1671,65,1,BIO HW,20
1672,65,5,BIO PROJECT,15
1673,65,6,BIO PRESENTATION,35
1674,65,1,BIO HW,5
1675,65,5,BIO PROJECT,35
1676,65,1,BIO HW,35
1677,65,3,BIO EXAM,10
1678,65,2,BIO LAB,5
1679,65,1,BIO HW,25
1680,65,1,BIO HW,5
1681,65,2,BIO LAB,20
1682,65,1,BIO HW,20
1683,65,6,BIO PRESENTATION,5
1684,65,5,BIO PROJECT,40
1685,65,5,BIO PROJECT,40
1686,65,1,BIO HW,15
1687,65,1,BIO HW,30
1688,65,6,BIO PRESENTATION,40
1689,65,6,BIO PRESENTATION,10
1690,65,4,Final,150
1691,66,2,ANTH LAB,15
1692,66,6,ANTH PRESENTATION,35
1693,66,3,ANTH EXAM,30
1694,66,5,ANTH PROJECT,5
1695,66,2,ANTH LAB,30
1696,66,6,ANTH PRESENTATION,35
1697,66,5,ANTH PROJECT,25
1698,66,2,ANTH LAB,15
1699,66,3,ANTH EXAM,40
1700,66,5,ANTH PROJECT,35
1701,66,3,ANTH EXAM,20
1702,66,1,ANTH HW,25
1703,66,6,ANTH PRESENTATION,20
1704,66,3,ANTH EXAM,35
1705,66,2,ANTH LAB,20
1706,66,1,ANTH HW,20
1707,66,5,ANTH PROJECT,10
1708,66,3,ANTH EXAM,25
1709,66,3,ANTH EXAM,35
1710,66,2,ANTH LAB,20
1711,66,5,ANTH PROJECT,15
1712,66,1,ANTH HW,10
1713,66,5,ANTH PROJECT,20
1714,66,2,ANTH LAB,5
1715,66,5,ANTH PROJECT,5
1716,66,4,Final,150
1717,67,6,CHEM PRESENTATION,10
1718,67,1,CHEM HW,30
1719,67,3,CHEM EXAM,30
1720,67,2,CHEM LAB,20
1721,67,5,CHEM PROJECT,30
1722,67,3,CHEM EXAM,40
1723,67,3,CHEM EXAM,10
1724,67,6,CHEM PRESENTATION,20
1725,67,5,CHEM PROJECT,10
1726,67,5,CHEM PROJECT,30
1727,67,2,CHEM LAB,25
1728,67,1,CHEM HW,20
1729,67,2,CHEM LAB,30
1730,67,3,CHEM EXAM,40
1731,67,2,CHEM LAB,15
1732,67,6,CHEM PRESENTATION,15
1733,67,6,CHEM PRESENTATION,5
1734,67,6,CHEM PRESENTATION,15
1735,67,6,CHEM PRESENTATION,15
1736,67,2,CHEM LAB,40
1737,67,6,CHEM PRESENTATION,40
1738,67,6,CHEM PRESENTATION,25
1739,67,5,CHEM PROJECT,10
1740,67,5,CHEM PROJECT,30
1741,67,5,CHEM PROJECT,5
1742,67,4,Final,150
1743,68,1,CHN HW,20
1744,68,5,CHN PROJECT,30
1745,68,2,CHN LAB,20
1746,68,3,CHN EXAM,25
1747,68,1,CHN HW,20
1748,68,3,CHN EXAM,5
1749,68,6,CHN PRESENTATION,25
1750,68,1,CHN HW,30
1751,68,2,CHN LAB,30
1752,68,2,CHN LAB,35
1753,68,3,CHN EXAM,35
1754,68,3,CHN EXAM,10
1755,68,2,CHN LAB,35
1756,68,1,CHN HW,5
1757,68,5,CHN PROJECT,5
1758,68,3,CHN EXAM,30
1759,68,6,CHN PRESENTATION,15
1760,68,2,CHN LAB,5
1761,68,2,CHN LAB,15
1762,68,2,CHN LAB,40
1763,68,6,CHN PRESENTATION,5
1764,68,5,CHN PROJECT,10
1765,68,2,CHN LAB,30
1766,68,1,CHN HW,35
1767,68,2,CHN LAB,40
1768,68,4,Final,150
1769,69,6,ACCT PRESENTATION,25
1770,69,5,ACCT PROJECT,30
1771,69,5,ACCT PROJECT,40
1772,69,3,ACCT EXAM,30
1773,69,5,ACCT PROJECT,35
1774,69,5,ACCT PROJECT,20
1775,69,5,ACCT PROJECT,10
1776,69,6,ACCT PRESENTATION,40
1777,69,3,ACCT EXAM,40
1778,69,6,ACCT PRESENTATION,10
1779,69,3,ACCT EXAM,35
1780,69,5,ACCT PROJECT,15
1781,69,3,ACCT EXAM,25
1782,69,1,ACCT HW,30
1783,69,2,ACCT LAB,20
1784,69,2,ACCT LAB,25
1785,69,2,ACCT LAB,20
1786,69,3,ACCT EXAM,10
1787,69,2,ACCT LAB,10
1788,69,2,ACCT LAB,15
1789,69,6,ACCT PRESENTATION,40
1790,69,3,ACCT EXAM,15
1791,69,5,ACCT PROJECT,5
1792,69,3,ACCT EXAM,5
1793,69,1,ACCT HW,5
1794,69,4,Final,150
1795,70,5,ART PROJECT,5
1796,70,5,ART PROJECT,10
1797,70,5,ART PROJECT,5
1798,70,1,ART HW,25
1799,70,3,ART EXAM,5
1800,70,6,ART PRESENTATION,10
1801,70,1,ART HW,20
1802,70,6,ART PRESENTATION,20
1803,70,2,ART LAB,5
1804,70,1,ART HW,35
1805,70,3,ART EXAM,15
1806,70,1,ART HW,25
1807,70,3,ART EXAM,20
1808,70,5,ART PROJECT,20
1809,70,1,ART HW,25
1810,70,2,ART LAB,5
1811,70,1,ART HW,30
1812,70,6,ART PRESENTATION,15
1813,70,2,ART LAB,5
1814,70,6,ART PRESENTATION,15
1815,70,1,ART HW,25
1816,70,5,ART PROJECT,20
1817,70,2,ART LAB,40
1818,70,6,ART PRESENTATION,10
1819,70,2,ART LAB,15
1820,70,4,Final,150
1821,71,6,CHEM PRESENTATION,30
1822,71,1,CHEM HW,5
1823,71,5,CHEM PROJECT,40
1824,71,3,CHEM EXAM,10
1825,71,3,CHEM EXAM,25
1826,71,2,CHEM LAB,5
1827,71,2,CHEM LAB,5
1828,71,3,CHEM EXAM,30
1829,71,3,CHEM EXAM,40
1830,71,1,CHEM HW,30
1831,71,5,CHEM PROJECT,35
1832,71,3,CHEM EXAM,35
1833,71,2,CHEM LAB,40
1834,71,6,CHEM PRESENTATION,40
1835,71,6,CHEM PRESENTATION,15
1836,71,2,CHEM LAB,10
1837,71,5,CHEM PROJECT,20
1838,71,3,CHEM EXAM,5
1839,71,1,CHEM HW,35
1840,71,1,CHEM HW,35
1841,71,2,CHEM LAB,35
1842,71,6,CHEM PRESENTATION,5
1843,71,3,CHEM EXAM,20
1844,71,6,CHEM PRESENTATION,5
1845,71,5,CHEM PROJECT,35
1846,71,4,Final,150
1847,72,6,BCMB PRESENTATION,25
1848,72,5,BCMB PROJECT,25
1849,72,6,BCMB PRESENTATION,35
1850,72,1,BCMB HW,30
1851,72,5,BCMB PROJECT,5
1852,72,1,BCMB HW,35
1853,72,6,BCMB PRESENTATION,30
1854,72,5,BCMB PROJECT,20
1855,72,1,BCMB HW,15
1856,72,1,BCMB HW,10
1857,72,6,BCMB PRESENTATION,35
1858,72,5,BCMB PROJECT,40
1859,72,5,BCMB PROJECT,40
1860,72,5,BCMB PROJECT,5
1861,72,2,BCMB LAB,25
1862,72,1,BCMB HW,35
1863,72,2,BCMB LAB,5
1864,72,6,BCMB PRESENTATION,5
1865,72,5,BCMB PROJECT,5
1866,72,1,BCMB HW,30
1867,72,5,BCMB PROJECT,35
1868,72,1,BCMB HW,25
1869,72,2,BCMB LAB,35
1870,72,6,BCMB PRESENTATION,25
1871,72,2,BCMB LAB,35
1872,72,4,Final,150
1873,73,3,ARA EXAM,30
1874,73,6,ARA PRESENTATION,30
1875,73,6,ARA PRESENTATION,10
1876,73,6,ARA PRESENTATION,30
1877,73,5,ARA PROJECT,35
1878,73,6,ARA PRESENTATION,35
1879,73,2,ARA LAB,15
1880,73,5,ARA PROJECT,20
1881,73,5,ARA PROJECT,25
1882,73,6,ARA PRESENTATION,30
1883,73,1,ARA HW,35
1884,73,1,ARA HW,25
1885,73,1,ARA HW,10
1886,73,2,ARA LAB,10
1887,73,1,ARA HW,5
1888,73,6,ARA PRESENTATION,40
1889,73,5,ARA PROJECT,30
1890,73,3,ARA EXAM,30
1891,73,3,ARA EXAM,30
1892,73,3,ARA EXAM,20
1893,73,1,ARA HW,25
1894,73,1,ARA HW,30
1895,73,3,ARA EXAM,15
1896,73,6,ARA PRESENTATION,35
1897,73,2,ARA LAB,20
1898,73,4,Final,150
1899,74,6,ART PRESENTATION,15
1900,74,6,ART PRESENTATION,20
1901,74,6,ART PRESENTATION,5
1902,74,1,ART HW,30
1903,74,5,ART PROJECT,30
1904,74,6,ART PRESENTATION,15
1905,74,6,ART PRESENTATION,30
1906,74,6,ART PRESENTATION,40
1907,74,2,ART LAB,40
1908,74,3,ART EXAM,15
1909,74,3,ART EXAM,25
1910,74,3,ART EXAM,20
1911,74,3,ART EXAM,25
1912,74,5,ART PROJECT,25
1913,74,3,ART EXAM,35
1914,74,5,ART PROJECT,40
1915,74,6,ART PRESENTATION,35
1916,74,6,ART PRESENTATION,30
1917,74,1,ART HW,15
1918,74,3,ART EXAM,20
1919,74,2,ART LAB,30
1920,74,6,ART PRESENTATION,30
1921,74,1,ART HW,30
1922,74,1,ART HW,40
1923,74,6,ART PRESENTATION,25
1924,74,4,Final,150
1925,75,2,BE LAB,30
1926,75,5,BE PROJECT,15
1927,75,6,BE PRESENTATION,40
1928,75,5,BE PROJECT,5
1929,75,1,BE HW,10
1930,75,5,BE PROJECT,30
1931,75,6,BE PRESENTATION,10
1932,75,6,BE PRESENTATION,40
1933,75,6,BE PRESENTATION,10
1934,75,3,BE EXAM,15
1935,75,2,BE LAB,40
1936,75,3,BE EXAM,15
1937,75,6,BE PRESENTATION,5
1938,75,2,BE LAB,30
1939,75,5,BE PROJECT,20
1940,75,3,BE EXAM,5
1941,75,5,BE PROJECT,20
1942,75,5,BE PROJECT,30
1943,75,6,BE PRESENTATION,5
1944,75,1,BE HW,40
1945,75,3,BE EXAM,25
1946,75,1,BE HW,25
1947,75,5,BE PROJECT,15
1948,75,3,BE EXAM,10
1949,75,2,BE LAB,5
1950,75,4,Final,150
1951,76,1,ANTH HW,35
1952,76,2,ANTH LAB,25
1953,76,5,ANTH PROJECT,30
1954,76,6,ANTH PRESENTATION,40
1955,76,2,ANTH LAB,15
1956,76,5,ANTH PROJECT,5
1957,76,5,ANTH PROJECT,10
1958,76,1,ANTH HW,30
1959,76,1,ANTH HW,40
1960,76,1,ANTH HW,20
1961,76,3,ANTH EXAM,10
1962,76,3,ANTH EXAM,40
1963,76,1,ANTH HW,35
1964,76,6,ANTH PRESENTATION,25
1965,76,2,ANTH LAB,15
1966,76,1,ANTH HW,20
1967,76,2,ANTH LAB,10
1968,76,3,ANTH EXAM,30
1969,76,6,ANTH PRESENTATION,15
1970,76,3,ANTH EXAM,30
1971,76,2,ANTH LAB,10
1972,76,6,ANTH PRESENTATION,30
1973,76,3,ANTH EXAM,15
1974,76,1,ANTH HW,15
1975,76,1,ANTH HW,40
1976,76,4,Final,150
